{
  "mode": "measured",
  "source": "benchmarks/figure10_parameter_sensitivity.json",
  "note": "Logic dataset; left=raw ACD (lower better); right=normalized ACD (1=best in sweep)",
  "c": [
    0.1,
    0.5,
    1.0,
    1.5,
    2.0
  ],
  "acd": [
    0.36787939071655273,
    0.36787939071655273,
    0.36787939071655273,
    0.36787939071655273,
    0.36787939071655273
  ],
  "d_state": [
    16,
    32,
    64,
    128
  ],
  "nlh_norm": [
    1.0,
    1.0,
    1.0,
    1.0
  ],
  "mamba_norm": [
    0.11103381464941237,
    0.03398549256864627,
    1.0,
    0.0
  ],
  "nlh_acd_raw": [
    0.36787939071655273,
    0.36787939071655273,
    0.36787939071655273,
    0.36787939071655273
  ],
  "mamba_acd_raw": [
    4.393882751464844,
    4.450655460357666,
    3.738852024078369,
    4.4756975173950195
  ]
}